{
  "patentdecisions.backend.baseurl": "http://localhost:8090/api",
  "logfile.path": "pom.xml",
  "http.bind.port": 8090,
  "http.bind.address": "localhost",
  "mail.sekretariat": "sekretariat@patentdecisions.de",
  "mail.schatzmeister": "ab@siteos.de",
  "mail.system": "system@patentdecisions.de",
  "mail.info": "info@patentdecisions.de",
  "mail.admin": "alexander.bischof@siteos.de",
  "mail.server": "mail.siteos.de",
  "schatzmeister.member.mail": "ab@siteos.de",
  "sendMails2admin": true,

 // "templateFile": "C:\\Users\\siteos\\Documents\\patentdecisions\\conf\\printtemplate.docx"
  "templateFile": "conf/printtemplate.docx"
}